KW20394H,Latest_Video,Failed
KW20342H,Latest_Video,Failed
KW21824H,Latest_Video,Failed
KW20352H,Latest_Video,Failed
KW21806H,Latest_Video,Failed
KW20398H,Latest_Video,Failed
KW22236H,Latest_Video,Failed
KW20408H,Latest_Video,Failed
KW22266H,Latest_Video,Failed
KW20806H,Latest_Video,Failed
KW21432H,Latest_Video,Failed
KW21118H,Latest_Video,Failed
KW21245H,Latest_Video,Failed
KW20392H,Latest_Video,Failed
KW20356H,Latest_Video,Failed
KW22221H,Latest_Video,Failed
KW22166H,Latest_Video,Failed
KW21687H,Latest_Video,Failed
KW20560H,Latest_Video,Failed
KW21059H,Latest_Video,Failed
KW21414H,Latest_Video,Failed
KW20578H,Latest_Video,Failed
KW20933H,Latest_Video,Failed
KW21435H,Latest_Video,Failed
KW30166H,Latest_Video,Failed
KW20567H,Latest_Video,Failed
KW20582H,Latest_Video,Failed
KW20217H,Latest_Video,Failed
KW20553H,Latest_Video,Failed
KW22130H,Latest_Video,Failed
KW20604H,Latest_Video,Failed
KW21360H,Latest_Video,Failed
KW21079H,Latest_Video,Failed
KW21022H,Latest_Video,Failed
KW20904H,Latest_Video,Failed
KW21305H,Latest_Video,Failed
KW21369H,Latest_Video,Failed
KW20719H,Latest_Video,Failed
KW21134H,Latest_Video,Failed
KW20717H,Latest_Video,Failed
KW20968H,Latest_Video,Failed
